371/22,Probabilidad,Marzo 2023,4.0
371/22,Probabilidad,Marzo 2023,7.0
371/22,Probabilidad,Marzo 2023,4.0
371/23,Probabilidad,Marzo 2023,6.0
371/23,Probabilidad,Marzo 2023,4.0
371/23,Probabilidad,Marzo 2023,4.0
371/24,Probabilidad,Marzo 2023,8.0
371/24,Probabilidad,Marzo 2023,9.0
371/24,Probabilidad,Marzo 2023,5.0
371/25,Probabilidad,Marzo 2023,8.0
371/25,Probabilidad,Marzo 2023,5.0
371/25,Probabilidad,Marzo 2023,4.0
371/26,Probabilidad,Marzo 2023,6.0
371/26,Probabilidad,Marzo 2023,4.0
371/26,Probabilidad,Marzo 2023,9.5
371/27,Probabilidad,Marzo 2023,5.5
371/27,Probabilidad,Marzo 2023,4.0
371/27,Probabilidad,Marzo 2023,4.5
371/28,Probabilidad,Marzo 2023,6.0
371/28,Probabilidad,Marzo 2023,4.0
371/28,Probabilidad,Marzo 2023,4.5
371/29,Probabilidad,Marzo 2023,8.0
371/29,Probabilidad,Marzo 2023,4.5
371/29,Probabilidad,Marzo 2023,8.0
371/30,Probabilidad,Marzo 2023,8.0
371/30,Probabilidad,Marzo 2023,6.0
371/30,Probabilidad,Marzo 2023,4.0